2551,PCA and RFC,Benign,Adware
2527,PCA and RFC,Benign,Adware
2721,PCA and RFC,Benign,Adware
2795,PCA and RFC,Benign,Adware
2587,PCA and RFC,Benign,Adware
2911,PCA and RFC,Benign,Adware
2637,PCA and RFC,Benign,Adware
2639,PCA and RFC,Benign,Adware
2743,PCA and RFC,Benign,Adware
2837,PCA and RFC,Benign,Adware
2968,PCA and RFC,Benign,Adware
2807,PCA and RFC,Benign,Adware
2573,PCA and RFC,Benign,Adware
2951,PCA and RFC,Benign,Adware
2856,PCA and RFC,Benign,Adware
2875,PCA and RFC,Benign,Adware
2608,PCA and RFC,Benign,Adware
2511,PCA and RFC,Benign,Adware
2914,PCA and RFC,Benign,Adware
2892,PCA and RFC,Benign,Adware
2993,PCA and RFC,Benign,Adware
2665,PCA and RFC,Benign,Adware
